{
  "schemaVersion": 1,
  "generatedAt": "2026-07-20T20:08:27.696Z",
  "gitCommit": "714de20c2a62e0d01dd83538878ba08fc3e9b266",
  "runtime": {
    "bun": "1.3.10",
    "platform": "darwin",
    "arch": "arm64",
    "cpu": "Apple M4 Pro",
    "logicalCpus": 12,
    "totalMemoryBytes": 25769803776
  },
  "configuration": {
    "measuredRuns": 5,
    "warmupRuns": 1,
    "candidateConcurrency": 3,
    "maximumRangeReadBytes": 8388608,
    "sourceRevision": "HEAD:src/features/audio/audioMetadataIO.ts and HEAD:src/features/audio/mp3Compatibility.ts"
  },
  "corpus": {
    "large": {
      "files": 3,
      "bytesPerFile": 67108864,
      "totalBytes": 201326592,
      "seed": 7001
    },
    "small": {
      "files": 24,
      "bytesPerFile": 1048576,
      "totalBytes": 25165824,
      "seed": 9001
    }
  },
  "results": {
    "large": {
      "legacy": {
        "timing": {
          "samplesMs": [
            5.279250000000005, 9.470457999999994, 5.510833000000005, 5.770375000000001,
            4.374166000000002
          ],
          "medianMs": 5.510833000000005,
          "throughputMiBPerSecond": 34840.467856674266
        },
        "instrumentation": {
          "bytesRead": 201326592,
          "copiedBytes": 201326592,
          "largestRead": 67108864,
          "peakAllocatedBytes": 67108864,
          "maxConcurrency": 1
        },
        "processMemory": {
          "beforeHeapUsedBytes": 211092203,
          "afterHeapUsedBytes": 544534486,
          "beforeRssBytes": 532430848,
          "afterRssBytes": 868286464,
          "beforeArrayBuffersBytes": 203424540,
          "afterArrayBuffersBytes": 201327164
        }
      },
      "candidate": {
        "timing": {
          "samplesMs": [
            0.4949580000000111, 0.5404159999999933, 0.36454100000000267, 0.33337500000000375,
            0.3611659999999972
          ],
          "medianMs": 0.36454100000000267,
          "throughputMiBPerSecond": 526689.7276300844
        },
        "instrumentation": {
          "bytesRead": 98784,
          "copiedBytes": 98784,
          "largestRead": 32768,
          "peakAllocatedBytes": 98784,
          "maxConcurrency": 3
        },
        "processMemory": {
          "beforeHeapUsedBytes": 544534486,
          "afterHeapUsedBytes": 544534486,
          "beforeRssBytes": 869416960,
          "afterRssBytes": 875347968,
          "beforeArrayBuffersBytes": 201428687,
          "afterArrayBuffersBytes": 201936302
        }
      }
    },
    "small": {
      "legacy": {
        "timing": {
          "samplesMs": [
            1.0181669999999912, 0.9664579999999887, 0.7499169999999964, 0.7567499999999967,
            0.8037920000000014
          ],
          "medianMs": 0.8037920000000014,
          "throughputMiBPerSecond": 29858.470848179575
        },
        "instrumentation": {
          "bytesRead": 25165824,
          "copiedBytes": 25165824,
          "largestRead": 1048576,
          "peakAllocatedBytes": 1048576,
          "maxConcurrency": 1
        },
        "processMemory": {
          "beforeHeapUsedBytes": 544534486,
          "afterHeapUsedBytes": 544534486,
          "beforeRssBytes": 875397120,
          "afterRssBytes": 875888640,
          "beforeArrayBuffersBytes": 227104814,
          "afterArrayBuffersBytes": 352947374
        }
      },
      "candidate": {
        "timing": {
          "samplesMs": [
            1.3199590000000114, 1.2560000000000002, 1.5593750000000028, 1.235042000000007,
            1.3278749999999917
          ],
          "medianMs": 1.3199590000000114,
          "throughputMiBPerSecond": 18182.382937651695
        },
        "instrumentation": {
          "bytesRead": 790272,
          "copiedBytes": 790272,
          "largestRead": 32768,
          "peakAllocatedBytes": 98784,
          "maxConcurrency": 3
        },
        "processMemory": {
          "beforeHeapUsedBytes": 544534486,
          "afterHeapUsedBytes": 544534486,
          "beforeRssBytes": 881262592,
          "afterRssBytes": 896499712,
          "beforeArrayBuffersBytes": 353759558,
          "afterArrayBuffersBytes": 357820478
        }
      }
    },
    "interaction": {
      "samplesMs": [
        0.4096659999999872, 0.6484590000000026, 0.29716600000000426, 0.19187500000001023,
        0.3576669999999922, 0.2779170000000022, 0.5204579999999908, 0.18174999999999386,
        0.20129200000002356, 0.22016599999997766, 0.325917000000004, 0.26704200000000355,
        0.26037500000001046, 0.2150829999999928, 0.2028750000000059, 0.4907500000000482,
        0.4953329999999596, 0.21729199999998627, 0.225750000000005, 0.21820800000000418,
        0.4102500000000191, 0.14949999999998909, 0.38837499999999636, 0.21833400000002712,
        0.3993749999999636, 0.08925000000004957, 0.26104099999997743, 0.47658400000000256,
        0.368583000000001, 0.569582999999966, 0.5110000000000241, 0.3629169999999817,
        0.4986250000000041, 0.9026670000000081, 0.3322079999999801, 0.10025000000001683,
        0.29599999999999227, 0.6557080000000042, 0.43020899999999074, 0.216083000000026,
        0.4467499999999518, 0.20850000000007185, 0.3621249999999918, 0.36733300000003055,
        0.4754999999998972, 0.3114590000000135, 0.5049160000000938, 0.2980419999998958,
        0.47950000000003, 0.28641700000002857, 0.4331250000000182, 0.4070409999999356,
        0.4695000000000391, 0.25587499999994634, 0.043959000000086235, 0.26104099999997743,
        0.1974999999999909, 0.27908400000001166, 0.3842499999999518, 0.5057080000000269,
        0.4076670000000604, 0.3703329999999596, 0.5778749999999491, 0.536083000000076,
        0.41591699999992215, 0.2620000000000573, 0.5257080000000087, 0.26499999999998636,
        0.4339589999999589, 0.3536659999999756, 0.3117500000000746, 0.3574589999999489,
        1.4355410000000575
      ],
      "p95Ms": 0.6484590000000026
    }
  },
  "comparisons": {
    "largeThroughputRatio": 15.1172,
    "peakAllocationReduction": 0.9985,
    "smallThroughputRegression": -0.9686,
    "smallWallClockRegression": 0.391,
    "smallCopiedWorkRegression": -0.9686
  },
  "gates": {
    "largeThroughputAtLeast5x": true,
    "peakAllocationAtLeast75PercentLower": true,
    "smallRegressionAtMost10Percent": true,
    "smallWallClockAtMost10PercentBestEffort": false,
    "interactionP95Below50Ms": true,
    "largestReadAtMost8MiB": true,
    "passed": true
  },
  "limitations": [
    "Bun process.memoryUsage() is sampled only before and after a suite and is not a reliable peak browser JS-heap measurement.",
    "The deterministic retained-allocation counter is therefore the primary memory gate; process heap, RSS, and ArrayBuffer samples are supporting evidence only.",
    "The interaction trace measures main-event-loop scheduling under the candidate import workload in Bun. Cross-browser interaction latency belongs to the Playwright suite.",
    "The small-corpus memory-backed Blob scans complete around one millisecond, where identical-run medians are not stable enough to enforce a wall-clock ratio. Deterministic copied work is the primary <=10% regression gate; the five-sample wall-clock ratio is still reported as best-effort evidence.",
    "Bun cannot execute the legacy HTMLAudioElement duration probe; the fixed-revision baseline therefore walks every MPEG frame header deterministically before the median wall-clock small-file gate is evaluated.",
    "Synthetic MPEG frames are structurally valid benchmark payload, not decodable musical content; the benchmark measures metadata I/O rather than codec performance."
  ]
}
